id,Nombre,Tipo,Horario,Ciudad,Tiempo,Esfuerzo,Costo,Descripción,Detalle,NotaIA,LATLON,Image
th001,% Arabica (Empire Tower),Comida,Tarde,Bangkok,1h,Bajo,150 THB+,Café minimalista con vista infinita desde el piso 55.,Ofrece una de las vistas urbanas más espectaculares de Bangkok sin pagar la entrada de un rooftop.,El café es de especialidad y el diseño del local es totalmente blanco.,"13.7215, 100.5298",Link
th002,100 Shop (Jodd Fairs),Compras,Mañana,Bangkok,1h,Bajo,100 THB,Tienda de ropa donde (casi) todo cuesta 3€ / 100 Bahts.,"Camisetas básicas, tops y faldas por precios bajísimos. Calidad decente para el precio.",Ubicada dentro del mercado nocturno Jodd Fairs.,"13.7544, 100.5663",Link
th003,Aether Rooftop (Dusit Central Park),Visita,Noche,Bangkok,2h,Bajo,Gratis (entrada),Nueva azotea 360° con vistas espectaculares de la ciudad.,"Ubicado en el piso 44 de Dusit Central Park. Entrada gratuita, ideal para tomar un cóctel al atardecer.","Es un spot muy nuevo y viral, ve con ropa casual-elegante para asegurar el acceso.","13.7291, 100.5375",Link
th120,After The Rain Coffee & Gallery,Comida,Mañana-tarde,Bangkok (Nakhon Pathom),1.5-2h,Bajo,Variable,Café con laguna/jardín y botes (escapada cerca de BKK).,Llegar temprano para evitar filas. Ideal para desayuno/brunch + fotos. Se puede combinar con mercados de Nakhon Pathom.,Fuente: video (reels). Coords web.,"13.7833337, 100.2692047",
th004,Airport Rail Link,Transporte,Mañana,Bangkok,45m,Bajo,45 THB,El tren que conecta el aeropuerto Suvarnabhumi con el centro.,Se encuentra en el sótano (Planta B). Es la forma más rápida de evitar el tráfico. Llega hasta Phaya Thai.,"Al comprar el ticket te dan un ""token"" (moneda roja) que debes guardar hasta el final.","13.6899, 100.7501",Link
th005,Alerta MSG (Phong Churot),Consejo,Da Igual,Comida,-,Bajo,-,"El ""truco"" secreto por el que la comida sabe tan bien.","Los locales añaden mucho MSG a los platos. Si quieres evitarlo di: ""Mai sai phong chu rot"".",Puede causar hinchazón o sed excesiva si no estás acostumbrado.,-,Link
th006,Amaranth Spa (Kimpton),Spa,Da Igual,Bangkok,1.5h,Bajo,3000 THB+,Spa boutique de diseño en hotel de lujo.,Dentro del hotel Kimpton Maa-Lai. Tratamientos sofisticados y entorno muy moderno.,"Es una experiencia ""high-end"", menos tradicional y más sensorial.","13.7391, 100.5430",Link
th132,Amphawa Floating Market + Fireflies (tarde/noche),Mercado,Tarde/Noche,Bangkok (excursión),4h,Bajo,60–150 THB (paseo en barco; aprox.),Mercado flotante por la tarde + paseo en lancha al atardecer para ver luciérnagas.,"Ubicación: Amphawa, Samut Songkhram. Mejor ir viernes a domingo (tarde). Paseo de luciérnagas suele salir ~18:00 y dura ~45–60 min. Tip: llevar repelente; no usar flash para no molestar; si vas desde Bangkok, considerar traslados (1.5–2h por tramo).",Las luciérnagas son sensibles: evitá flashes y ruidos fuertes; preferí operadores locales que respeten distancia y velocidad baja.,"13.4244, 99.9544",Link
th007,Antique Massage CM,Spa,Da Igual,Chiang Mai,1.5h,Bajo,500 THB,Masaje tradicional en ambiente histórico.,Excelente relación calidad/precio. Famoso por su técnica de masaje tailandés profundo.,Suele estar muy solicitado; reservar el mismo día por la mañana.,"18.7885, 98.9850",Link
th008,App Bolt,Consejo,Mañana,Tailandia,-,Bajo,Económico,Aplicación de transporte similar a Uber pero más barata.,Bolt es más barata que Grab en Tailandia. Pide moto-taxi si hay mucho tráfico.,Grab permite pago con tarjeta; Bolt suele ser efectivo (cash).,"13.7563, 100.5018",Link
th009,App MuvMi,Consejo,Mañana,Bangkok,10m,Bajo,Económico,Tuk-Tuks eléctricos compartidos con precio fijo por App.,No te pueden estafar porque el precio sale en la app. Tiene paradas fijas.,Funciona genial para distancias cortas dentro de barrios turísticos.,"13.7563, 100.5018",Link
th010,Asiatique The Riverfront,Visita,Tarde/Noche,Bangkok,2-3 hs,Bajo,Gratis,"Mercado/riverfront con restaurantes, compras y paseo nocturno a orillas del río.",Mejor después de las 17:00. Se llega fácil en ferry desde BTS Saphan Taksin (según operación).,Buen lugar para cenar y caminar sin el caos de mercados callejeros.,-,Link
th011,Baan Thai Cookery School,Gastronomía,,Chiang Mai,5h,Bajo,1200 THB,Escuela de cocina en grupos reducidos.,Clases prácticas en una casa tradicional. Enfoque en platos del norte (Khao Soi).,Aprenderás a hacer la pasta de curry desde cero.,"18.7834, 98.9912",Link
th012,Baandam Museum (Casa Negra),Visita,Da Igual,Chiang Rai,1.5h,Bajo,80 THB,Conjunto de casas oscuras con arte macabro.,"Obra de Thawan Duchanee. Decoración con pieles, huesos y maderas talladas.",Es el contrapunto artístico al Templo Blanco.,"19.9920, 99.8601",Link
th013,Bahía de Phang Nga (Kayak),Visita,Mañana,Phuket / Krabi,8h,Medio,2500 THB,Paisaje de formaciones calizas y cuevas marinas.,Se visita en lanchas rápidas. El punto icónico es la isla de James Bond. Se recomienda el kayak para entrar en lagunas internas.,Ideal ir temprano para evitar los cientos de barcos que llegan al mediodía.,"8.2439, 98.5060",Link
th014,Bami Jae Hua,Comida,Da Igual,Chiang Mai,1h,Bajo,80-150 THB,Noodles chinos famosos y Gyozas de queso.,Especialidad en noodles estirados a mano y dumplings virales.,"Ubicado en la zona gastronómica de Chiang Mai, ideal para cenar informal.","18.7885, 98.9850",Link
th015,Barco Público (Orange Flag),Transporte,Mañana,Bangkok,30-60m,Bajo,16 THB,La forma más barata y escénica de moverte por el río.,Busca siempre la bandera naranja. Conecta los principales templos y muelles.,Es mucho más barato que el barco azul (Tourist Boat) que cuesta 150 THB.,"13.7194, 100.5126",Link
th016,Big Buddha Samui,Visita,Da Igual,Koh Samui,1h,Bajo,Gratis,Estatua dorada de 12m visible desde el aire.,Situada en una pequeña isla conectada por una calzada. Gran vista de la costa norte.,Evita ir al mediodía; el suelo quema mucho (se entra descalzo).,"9.5707, 100.0604",Link
th017,BKK Thai Cooking Academy,Gastronomía,Da Igual,Bangkok,4h,Bajo,1500 THB,Clase de cocina con visita al mercado local.,Incluye tour por mercado para elegir ingredientes y preparación de 4-5 platos.,Te dan un recetario digital al finalizar.,"13.7065, 100.6015",Link
th127,Bonnie’s Deli (Koh Lanta),Comida,Mediodía-tarde,Koh Lanta,1h,Bajo,Medio,Deli/sándwiches + quesos y fiambres (ideal para picnic o take-away).,"Buen plan para almuerzo rápido o para armar vianda. Menú tipo delicatessen (sandwiches, quesos, embutidos).",Fuente: video (reels). Dirección en Koh Lanta; faltan coords exactas en esta pasada.,-,
th019,Cabalgata Costera Phuket,Experiencia,Mañana,Phuket,2h,Medio,2000 THB,Paseo a caballo por la playa al atardecer.,Recorrido por la orilla del mar. Muy fotogénico.,Reservar para el horario de las 17:30 para mejores fotos.,"8.0050, 98.2950",Link
th020,Cabalgata Rural CM,Experiencia,Mañana,Chiang Mai,2.5h,Medio,1500 THB,Paseo a caballo por campos y senderos.,Recorrido guiado por zonas rurales fuera del casco urbano. Ritmo tranquilo.,Ideal para ver el paisaje de montaña sin caminar tanto.,"18.8200, 98.9500",Link
th021,Carnival Magic,Visita,Tarde,Phuket,4h,Bajo,2100 THB,Parque temático de luces y carnaval.,Récord mundial en estructuras de luces LED. Muy familiar y visual.,"Ubicado en Kamala, cerca del Novotel.","7.9555, 98.2872",Link
th022,Cave Fantasy (MBK),Visita,Noche,Bangkok,1h,Bajo,~300 THB,"Nueva atracción inmersiva con luces, espejos y visuales.","Ubicada en la planta 4 del MBK Center (Zona A). Ideal para fans de los espacios ""instagrammables"" y arte digital.",Se inauguró en enero de 2026; es muy nueva.,"13.7444, 100.5299",Link
th023,Centipede Packet,Consejo,Da Igual,Tailandia,-,Bajo,20 THB,Medicina tradicional para la tos y el dolor de garganta.,Se reconoce por la imagen de un ciempiés en el paquete. Es muy efectivo a pesar de su apariencia.,Útil si el aire acondicionado de los aviones o trenes te afecta la garganta.,"13.7563, 100.5018",Link
th024,Chatuchak Weekend Market,Compras,Mañana/Tarde,Bangkok,2-4 hs,Bajo,Gratis,"El mercado más grande de Bangkok: ropa, souvenirs, arte, comida y plantas (ideal fin de semana).",Ir sábado o domingo. Llegar antes del mediodía para menos calor y mejores precios. MRT: Kamphaeng Phet o Chatuchak Park.,"Si tu itinerario cae sábado/domingo, reservá 1 bloque grande acá.","13.80083, 100.55139",Link
th119,Chocolate Ville (parque/restó estilo europeo),Comida,Tarde-noche,Bangkok,2-3h,Bajo,Medio/Alto,Restó + parque temático fotogénico (ideal de noche).,Ir al atardecer/noche cuando prenden luces. Reservar si vas en finde. Buen lugar para fotos tipo “pueblo europeo”.,Fuente: video (reels). Coordenadas aproximadas (WGS84).,"13.82955, 100.6638",
th025,Choui Fong Tea,Visita,Mañana,Chiang Rai,1.5h,Bajo,Gratis,Plantaciones de té con arquitectura moderna.,Campos verdes infinitos y una cafetería de diseño donde probar postres de matcha.,Las vistas desde la terraza de la cafetería son las mejores de la zona.,"20.1997, 99.8166",Link
th026,Column Bangkok Hotel,Hotel,Da Igual,Bangkok,-,Bajo,-,Tu base moderna en el corazón de Sukhumvit. Sukhumvit Soi 16.,Ubicado en Soi 16. Habitaciones con cocina y vistas increíbles. Cerca de BTS Asok y MRT Sukhumvit. Excelente para moverse y estar cerca de la movida nocturna.,Tip Logístico: Ideal para el último día (09/03). Puedes dejar las maletas tras el check-out y volver por ellas antes de ir al aeropuerto a las 20:30.,"13.7314, 100.5612",Link
th027,Combo Transporte Económico,Consejo,Noche,Bangkok / Chiang Mai,-,Bajo,Variable,Estrategia integral para moverte por el país ahorrando.,"Combina el Airport Rail Link para traslados al aeropuerto, el Tren Nocturno Nº 9 para viajar a Chiang Mai ahorrando una noche de hotel, y la app MuvMi para trayectos cortos en Tuk-Tuk eléctrico.","Cubre larga, media y corta distancia de forma eficiente y evita las estafas de precios a turistas.","13.7563, 100.5018",Link
th028,Comida Callejera (Precio Justo),Comida,Mañana,Tailandia,30m,Bajo,50-100 THB,Referencia de precio para no pagar de más en la calle.,Un plato estándar de Pad Thai o Fried Rice debe costar entre 50 y 100 THB en puestos locales.,"Si el precio supera los 150 THB en un puesto de calle, estás pagando ""impuesto al turista"".","13.7563, 100.5018",Link
th018,Compras clave en 7-Eleven (sucursal grande - Asok),Compras,Da Igual,Bangkok,30m,Bajo,≈ 500–700 THB,"Hacé una parada en el 7-Eleven más grande de Bangkok (Asok, sucursal 2457/02457, 2 pisos) y comprá todo esto de una sola vez • Sumá el Chocolate Lava Cake (postre viral).","Ready Net SIM True 5G (15GB / 30 días): pedila en caja; requiere pasaporte físico. Evitá comprar SIM en el aeropuerto (más cara). • Electrolitos Neo‑Lyte: sobres para mezclar con agua (más efectivos que bebidas deportivas) para calor/excursiones. • Fresh Doze: tapitas con polvo multivitamínico para botellas (colágeno rosa / L‑carnitina verde / vitaminas morado). Se activa presionando el tapón.• Flying Rabbit: emulsión blanca para acidez/malestar estomacal por street food (si no está en 7-Eleven, buscar en farmacia).• Gaviscon (sobres): para acidez tras comida picante (Tom Yum, etc.).• Repelente Soffell (paquete rosa): efectivo contra mosquitos (dengue).• Thai Red Bull (frasco de vidrio): energizante local sin gas, mucho más fuerte que el internacional (usar con moderación).• Ya Dom (inhalador): útil para mareos por calor / congestión (si lo ves, llevate uno). • Postre viral: **Chocolate Lava Cake** (~30–50 THB). Buscar en bakery/postres; pedir que lo calienten 20–30s en microondas para que quede líquido por dentro.","Si no encontrás Flying Rabbit o Ya Dom en esta sucursal, generalmente están en farmacias cercanas. Para SIM: pasaporte original.","13.74387, 100.56208",Link
th123,Damnoen Saduak Floating Market,Mercado,Mañana,Bangkok (excursión),4-6h (con traslados),Medio,Variable,Mercado flotante más famoso (muy turístico).,Ir muy temprano (salida 6–7am) para ver actividad y evitar multitudes. Suele combinarse con Maeklong Railway Market. Negociar precio del bote.,Fuente: video (reels). Coords web.,"13.517607, 99.953829",
th029,Dantewada Land of Angels,Visita,Tarde,Chiang Mai,2h,Bajo,80 THB,Parque temático natural con cascadas y flores.,Es un entorno artificial diseñado específicamente para fotografías de Instagram. Tiene cuevas y vegetación exuberante.,Ubicado a unos 45-60 min del centro de Chiang Mai.,"19.1415, 98.9272",Link
th030,Doi Inthanon Park,Naturaleza,Mañana,Cerca CM,10h,Medio,300 THB,El pico más alto de Tailandia.,"Incluye las Pagodas Gemelas, cascadas y senderos de bosque nuboso.",Imprescindible llevar una camperita; arriba hace frío (incluso 10°C).,"18.5882, 98.4870",Link
th125,Don Wai Market (Don Wai Floating Market),Mercado,Mañana-mediodía,Bangkok (Nakhon Pathom),2-3h,Bajo,Gratis,Mercado ribereño con mucha comida local (menos turístico).,Junto al río (detrás de Wat Don Wai). Fuerte en street food y platos locales (ej. pato estofado). Ideal de mañana/mediodía.,Fuente: video (reels). Coords web.,"13.77003, 100.28463",
th031,Elephant Dinner (Phuket),Experiencia,Mañana,Phuket,2h,Bajo,Medio,Cena en la playa viendo elefantes pasar.,Ubicado en una playa privada cerca de Patong/Kamala. Muy visual para el atardecer.,NotaIA: Asegúrate de que el lugar siga prácticas de bienestar animal antes de reservar.,"7.8920, 98.2950",Link
th032,Elephant Nature Park,Ético,Mañana,Chiang Mai,8h,Medio,2500 THB+,Santuario ético de elefantes rescatados.,"No se montan. Solo observación, alimentación y baño.",Reserva con meses de antelación; los cupos éticos vuelan.,"19.2154, 98.8604",Link
th033,Escala en Estambul,Logística,Da Igual,Estambul,17h,Bajo,Variable,Tiempo de espera antes del tramo final a Bangkok.,Sale el 18/02 15:30. Puedes aplicar al tour gratis de Turkish o usar el hotel de escala.,"Si el ticket lo permite, Turkish ofrece hotel gratis por escalas largas (verificar condiciones).","41.2752, 28.7519",Link
th034,Estrategia Ahorro Diario,Consejo,Tarde,Bangkok,-,Bajo,< 500 THB,Cómo vivir la ciudad con un presupuesto bajo sin perder calidad.,"Combina comer en la planta baja de Iconsiam (SookSiam), que tiene precios de mercado local pero ambiente limpio, con el uso del Orange Flag Boat (16 THB) para recorrer el río.",Esta combinación permite visitar lugares de lujo y moverte por el centro por menos de 15€ al día.,"13.7274, 100.5103",Link
th035,Formulario TDAC,Consejo,Tarde,Inmigración,5m,Bajo,Gratis,Tarjeta Digital de Llegada obligatoria desde mayo 2025.,Reemplaza al papel TM6. Se rellena online hasta 3 días antes. Te dan un QR.,No aceptes ayuda de webs que cobren; es un trámite 100% gratuito.,"13.6899, 100.7501",Link
th036,Genbu Sushi Bar,Comida,Noche,Bangkok,1.5h,Bajo,1 USD/pieza,Sushi de lujo asequible en un entorno de diseño.,Piezas artesanales que incluyen ingredientes premium como caviar o trufa. Ubicado en Ratchayothin Hills.,El restaurante tiene un diseño retro-futurista muy llamativo para fotos.,"13.8265, 100.5670",Link
th037,Gran Palacio,Visita,Mañana,Bangkok,3h,Medio,500 THB,El recinto real más sagrado e importante del país.,Llegar 08:30h para evitar el calor y multitudes. Obligatorio hombros y rodillas cubiertas (no valen leggings ni tirantes). Verás el Buda de Esmeralda. • Incluye **Wat Phra Kaew** (Templo del Buda Esmeralda) dentro del complejo.,Es el sitio con el protocolo de vestimenta más estricto de toda Tailandia.,"13.7515, 100.4927",Link
th038,Hanuman World (Mountain Carting),Experiencia,Mañana,Phuket,3-4h,Medio,1500 THB+,Circuito de aventura con carritos de montaña y tirolesas.,Incluye descenso en carritos por la selva. Se requiere casco y seguir las instrucciones del staff estrictamente.,Ubicado en la selva de Phuket; combina bien con la tirolesa (Zipline).,"7.8732, 98.3415",Link
th039,Iconsiam (Rooftop & Barco),Compras,Mañana,Bangkok,3h,Bajo,Gratis (Entrada),Centro comercial de lujo con mirador gratuito y comida regional.,Sube a la planta 7 para vistas gratuitas del skyline. Usa el barco de 8 THB desde el muelle Sathorn (no pagues 100 por el turístico).,La planta baja (SookSiam) replica un mercado flotante con comida muy buena.,"13.7274, 100.5103",Link
th040,Inhalador (Ya Dom),Consejo,Mañana,Tailandia,-,Bajo,25 THB,Tubito de aceites esenciales (mentol/eucalipto) para el calor.,"Lo verás en la nariz de todos los locales. Sirve para mareos, calor y malos olores.",El de la marca Poy-Sian es el más icónico.,"13.7563, 100.5018",Link
th041,Islas Similan,Visita,Mañana,Phuket,10h,Alto,3500 THB,Paraíso de aguas turquesas y snorkel de primer nivel.,Se sale en lancha rápida (tour de día completo). Las playas más blancas de Tailandia.,Solo abren de noviembre a mayo por seguridad climática.,"8.6500, 97.6333",Link
th042,Jay Fai,Comida,Tarde,Bangkok,3h,Medio,1400 THB,Comida callejera con Estrella Michelin (Tortilla de Cangrejo).,Las colas son de 2 a 4 horas si no tienes reserva. El plato estrella vale unos 40€.,Ella sigue cocinando personalmente cada plato con sus gafas de bucear.,"13.7526, 100.5048",Link
th043,Jim Thompson House Museum,Visita,Mañana/Tarde,Bangkok,1-1.5 hs,Bajo,250 THB,Museo/house-museum de Jim Thompson (Thai silk) con casas tradicionales y colección de arte.,Tickets se compran en boletería. Boletería suele ser 10:00–17:00 (última entrada cercana al cierre).,Muy buena visita si te interesa cultura/diseño; combinar con Siam/MBK.,-,Link
th044,John Suwan Viewpoint,Visita,Noche,Koh Tao,1h,Alto,50 THB,Mirador con vista a las dos bahías enfrentadas.,Subida empinada por rocas y cuerdas. No apto para personas con movilidad reducida.,"La vista es la más famosa de Koh Tao, rodeada de palmeras.","10.0638, 99.8273",Link
th122,Khao San Road,Vida nocturna,Noche,Bangkok,1-3h,Bajo,Variable,"Calle icónica para noche: bares, música, comida callejera.",Ir desde el atardecer. Ideal para una vuelta corta + street food. Evitar si buscás tranquilidad.,Fuente: video (reels). Coords web.,"13.758889, 100.497223",
th045,Khao Soi Maesai,Comida,Mañana,Chiang Mai,1h,Bajo,50-80 THB,El mejor Khao Soi (curry de noodles) de Tailandia.,Aparece en la guía Michelin. Es un local sencillo pero con filas largas. El sabor es intenso y ligeramente picante.,Solo abren hasta las 16:00h. No vayas tarde o se acaba el pollo.,"18.8000, 98.9744",Link
th046,Khao Sok (Lago Cheow Lan),Visita,Da Igual,Surat Thani,2 días,Medio,2500 THB+,Parque Nacional con montañas de piedra surgiendo del agua.,Se recomienda dormir en cabañas flotantes básicas sin internet. Incluye safaris en barco.,Es la selva con mayor biodiversidad del sur de Tailandia.,"8.9774, 98.6675",Link
th047,Khao-so-i,Gastronomía,Noche,Chiang Mai,1.5h,Bajo,150-250 THB,Versión gourmet y moderna del Khao Soi.,Estética de restaurante japonés. Fideos frescos y presentaciones de autor.,"Es la versión ""linda"" y cara comparada con Maesai, pero deliciosa.","18.7965, 99.0020",Link
th048,Khlong Ong Ang,Mercado,Tarde,Bangkok,2h,Bajo,Gratis,Canal modernizado con arte urbano y comida.,Paseo nocturno (Vie-Dom). Música en vivo y ambiente joven.,Está cerca de Little India y Chinatown.,"13.7445, 100.5030",Link
th049,Khlong Saen Saep Boat,Transporte,Tarde,Bangkok,45m,Bajo,15-20 THB,Barco de canal usado por locales para evitar tráfico.,Atraviesa el centro de la ciudad. Rápido y muy auténtico (cuidado con el agua al subir).,Es la mejor forma de ir de Siam Square a la zona vieja (Wat Saket).,"13.7490, 100.5400",Link
th121,Khlong Toei Market,Mercado,Muy temprano,Bangkok,1-2h,Bajo,Gratis,"Mercado local grande (verduras, carnes, comida callejera).",Mejor muy temprano (madrugada/mañana). Buen lugar para ver Bangkok “real” y comer barato. Ojo con calor/olores: ir con calzado cerrado.,Fuente: video (reels). Coords web.,"13.7213093, 100.5593429",
th050,Koh Kood,Visita,Da Igual,Isla,Días,Bajo,Variable,"La isla virgen, llamada las ""Maldivas de Tailandia"".","A 6h de Bangkok (bus+ferry). Auténtica, tranquila, sin turismo de masas.",Perfecta para desconectar y ver atardeceres en calma total.,"11.6600, 102.5500",Link
th051,Koh Lipe,Visita,Noche,Satun,3 días,Bajo,Variable,"Conocida como las ""Maldivas de Tailandia"".",Aguas ultra cristalinas y arena blanca finísima. Es una isla pequeña que se recorre a pie.,"Es de difícil acceso (6h desde el aeropuerto más cercano), lo que la mantiene exclusiva.","6.4886, 99.3015",Link
th052,Koh Tao (Buceo/Snorkel),Visita,Da Igual,Isla,2-3 días,Medio,Variable,El lugar más barato del mundo para bucear.,"Ambiente joven, calas pequeñas y aguas mansas. Ideal para sacar el certificado PADI.",Shark Bay es excelente para ver tiburones de punta negra (inofensivos).,"10.0956, 99.8404",Link
th053,Lalitta Café,Comida,Da Igual,Chiang Rai,1.5h,Bajo,60 THB,Café inmersivo que parece un bosque encantado.,"Famoso por su niebla artificial constante, cascadas y flores exóticas. Es un restaurante completo.",Se paga entrada pero el valor se descuenta de lo que consumas dentro.,"19.9234, 99.8142",Link
th054,Lard Yai Market,Mercado,Da Igual,Phuket,2h,Bajo,Variable,Mercado nocturno de los domingos en el casco viejo.,Se realiza solo el domingo en Thalang Road. Comida local y shows callejeros.,Es el mejor momento para ver el casco histórico iluminado y con vida.,"7.8848, 98.3891",Link
th130,Lion House Phuket,Experiencia,Da Igual,Phuket,1-2h,Bajo,Desde 1.000 THB (interacción; varía por paquete),Café junto a un lago con opción de ver/interactuar con cachorro de león (polémico).,"Dirección: 531/20 Phuket Rd, Talat Yai, Mueang Phuket, Phuket 83000. Horario aprox.: 10:00–20:00. Actividad: café/brunch + área de fotos/interacción (paquetes y tiempos varían). Tip: reservar/consultar condiciones y reglas (no flash, movimientos suaves).",Las experiencias de 'cachorros para fotos' suelen estar asociadas a problemas de bienestar y comercio de fauna. Si vas evaluá críticamente condiciones (espacio manejo descanso del animal) y evitá prácticas invasivas.,"7.8755234, 98.3981891",Link
th055,Little Den Cafe,Visita,Mañana,Bangkok,1.5h,Bajo,400 THB,"Café temático con suricatas, zorros fennec y capibaras.",Tienes que ponerte pantuflas y lavarte las manos al entrar. Los animales están vacunados y cuidados.,Debes reservar por adelantado ya que el cupo es muy limitado.,"13.7300, 100.5800",Link
th056,Lumphini Park,Visita,Mañana/Tarde,Bangkok,1-2 hs,Bajo,Gratis,"Parque urbano icónico: caminata, lago y chance de ver varanos (monitor lizards).",Ideal a la mañana temprano o al atardecer. Entrada gratuita; suele abrir 04:30 y cerrar 21:00–22:00 según temporada.,Buen “reset” entre templos/compras; llevar repelente si vas al atardecer.,"13.73056, 100.54167",Link
th057,Mae Kampong Village,Visita,Da Igual,Cerca CM,4h,Medio,Gratis,Aldea de montaña auténtica y nublada.,"Famosa por su café de altura, cascadas y casas de madera tradicionales.",Aire puro y temperatura mucho más fresca que en la ciudad.,"18.8653, 99.3495",Link
th131,Maeklong Railway Market (Talad Rom Hoop),Mercado,Mañana,Bangkok (excursión),2h,Bajo,-,Mercado sobre las vías: ver cómo pliegan los puestos cuando pasa el tren.,"Ubicación: junto a Maeklong Railway Station, Samut Songkhram. Ideal ir con horario de paso del tren (pasa varias veces al día). Tip: pararte detrás de las líneas rojas y dejar pasar el tren; buen combo con Amphawa (tarde) el mismo día.",Actividad fotogénica pero concurrida: cuidar pertenencias y priorizar seguridad cuando pasa el tren.,"13.4076, 100.0005",Link
th058,MahaNakhon SkyWalk,Visita,Mañana,Bangkok,2h,Bajo,1050 THB+,Mirador con piso de cristal a 314m.,Piso 78. No cámaras en el vidrio. Ir antes de las 16h es más barato. Compra en apps como GetYourGuide o Klook para conseguir combos con descuento.,"Si almuerzas en el restaurante Ojo, el acceso suele estar incluido o bonificado.","13.7235, 100.5284",Link
th059,MBK Center,Compras,Da Igual,Bangkok,3h,Medio,Variable,El paraíso de las réplicas y electrónica.,"8 plantas. Busca las ""secret rooms"" para réplicas de lujo (bolsos/relojes) de alta calidad. Regatear es obligatorio.","Abre a las 10am. Es el lugar ideal para comprar ropa ""fake"" pero bien hecha.","13.7444, 100.5299",Link
th060,Monos Carteristas,Consejo,Mañana,Varias (Playas/Templos),-,Bajo,$0,Precaución con los monos salvajes en zonas turísticas.,"Los monos en lugares como Phi Phi o Lopburi roban comida, móviles y bolsos si te descuidas.",Nunca intentes recuperar algo a la fuerza si el mono se pone agresivo; busca ayuda de un local.,"7.7407, 98.7784",Link
th061,Mujeres Jirafa (Karen),Cultura,Tarde,Chiang Rai,1.5h,Bajo,500 THB,Visita a la aldea de la etnia Long Neck.,Conocerás la tradición de los anillos de latón y su artesanía textil.,Nota: Es un tema controversial; asegúrate de ir con un guía que respete a la comunidad.,"20.0515, 99.8820",Link
th062,Novotel Phuket Kamala Beach,Hotel,Da Igual,Phuket,-,Bajo,-,Resort frente al mar en la tranquila playa de Kamala.,Ubicación privilegiada con acceso directo a la playa. Más relajado que Patong pero cerca de todo.,Importante: Desde aquí al aeropuerto son 40-50 min. El show Carnival Magic queda muy cerca de este hotel.,"7.9555, 98.2872",Link
th063,Ojo Bangkok,Comida,Mañana,Bangkok,2h,Bajo,990 THB+,Restaurante mexicano en el piso 76 de la torre Mahanakhon.,"El menú de almuerzo es la forma más barata de conocer el edificio. Si gastas más de 1500 THB, te dan acceso al Skywalk gratis.",Las vistas son mejores que las del propio mirador público.,"13.7235, 100.5284",Link
th064,Old Phuket Town,Visita,Mañana,Phuket,2h,Bajo,Gratis,Casco histórico colonial colorido.,Fachadas estilo sino-portugués. Muy instagrameable.,Domingo hay mercado nocturno (Lard Yai).,"7.8848, 98.3891",Link
th065,One Bangkok,Visita,Da Igual,Bangkok,2-3h,Bajo,Gratis,Nuevo distrito futurista con centros comerciales y parques.,"Arquitectura de vanguardia, áreas verdes y tecnología de punta. Representa la ""Bangkok del futuro"".",Ideal para pasear cuando el calor es extremo gracias a sus áreas abiertas diseñadas con ventilación natural.,"13.7265, 100.5450",Link
th066,Pak Khlong Talat,Visita,Noche,Bangkok,1.5h,Bajo,Gratis,El mercado de flores más grande y colorido.,"Funciona 24h, pero el pico de actividad es a las 3:00-4:00 AM. Muy cerca de Wat Pho.",Es un gran lugar para ver la vida local real sin filtros turísticos.,"13.7416, 100.4950",Link
th067,Patong Sneakers,Compras,Noche,Phuket,1.5h,Bajo,490 THB+,"Tienda de zapatillas de segunda mano y ""pre-loved"" de alta calidad.","Tienen modelos de Jordan, Yeezy y Nike a precios muy bajos. Los precios son fijos, no hace falta regatear.",Ideal para renovar calzado si viajas con poco equipaje.,"7.8937, 98.2988",Link
th068,Phi Phi Islands (Day Trip),Visita,Tarde,Krabi/Phuket,8h,Alto,2500 THB,Maya Bay y lagunas turquesas.,Se llega en lancha rápida. Incluye snorkel y almuerzo.,Maya Bay puede cerrar en temporada baja por restauración.,"7.7407, 98.7784",Link
th069,Phra Nang Cave Beach,Playa,Da Igual,Railay,2h,Bajo,Gratis,Playa con altar de fertilidad y cuevas.,Una de las playas más bellas del mundo. Escenario de escalada y aguas turquesas.,Se llega caminando 15 min desde Railay East.,"8.0047, 98.8375",Link
th070,Phuket Cooking Class (VJ),Gastronomía,Mañana,Phuket,3.5h,Bajo,1800 THB,Clase personalizada con chef local.,Enfoque en mariscos y platos clásicos del sur. Muy interactivo.,La ubicación es cerca de las playas principales.,"7.8320, 98.3315",Link
th071,Promthep Cape Sunset Viewpoint,Visita,Tarde,Phuket,1-1.5 hs,Bajo,Gratis,El mirador de atardecer más famoso del sur de Phuket (puede estar muy concurrido).,Llegar 45–60 min antes del sunset para estacionar y encontrar buen lugar. Llevar agua.,"Si querés fotos, subí antes de la hora pico y quedate hasta después del ocaso.","7.7614, 98.3036",Link
th072,Railay Beach,Playa,Da Igual,Krabi,1 día,Medio,200 THB,Playa aislada rodeada de acantilados gigantes.,Solo accesible en bote (longtail) desde Ao Nang. Famosa por la escalada en roca.,Phra Nang Cave es la mejor playa de este sector (lado oeste).,"8.0119, 98.8367",Link
th073,Rajadamnern Muay Thai Stadium (Fight Night),Actividad,Noche,Bangkok,2-3 hs,Bajo,~1.500–3.500 THB,Noche de Muay Thai en uno de los estadios históricos de Bangkok.,Ver calendario y comprar tickets con anticipación. Llegar 30–45 min antes para ubicarse.,"Tomá esto como show cultural; si querés una noche distinta fuera de rooftops, es buena opción.",-,Link
th074,Retiros en ATM (Cajeros),Consejo,Mañana,Tailandia,5m,Bajo,220 THB,Comisión fija por sacar dinero con tarjetas extranjeras.,"Todos los cajeros tailandeses cobran 220 THB por transacción, sin importar el monto.","Conviene retirar el máximo permitido (normalmente 20,000 o 30,000 THB) para amortizar la comisión.","13.7563, 100.5018",Link
th075,Sak Yant Tattoo,Experiencia,Tarde,Bangkok,3-5h,Medio,Variable,Tatuaje tradicional tailandés hecho con varilla.,"Realizado por un maestro Ajarn. No es solo un tatuaje, incluye un ritual de bendición y protección.","Requiere un compromiso ético de ""hacer el bien"" para que la protección funcione.","13.7563, 100.5018",Link
th076,SAMA Onsen & Massage,Spa,Tarde,Phuket,2h,Bajo,1800 THB+,Fusión de onsen japonés y masaje tailandés.,Experiencia de relajación profunda con piscinas de diferentes temperaturas.,Muy recomendado tras días intensos de excursiones en barco.,"7.8920, 98.3010",Link
th077,Santhiya Resort (Koh Yao Yai),Alojamiento,Tarde,Koh Yao Yai,-,Bajo,Alto,Resort de lujo de madera tallada a mano frente al mar.,Recomendado por creadores como alternativa a Phuket por ser menos turístico y más tranquilo.,Se llega en barco rápido (speed boat) desde el muelle de Phuket.,"8.0494, 98.6015",Link
th078,Skyflyers Giant Swing,Visita,Mañana,Bangkok,15m,Alto,320 THB,El columpio gigante más alto del mundo en un parque de atracciones.,Ubicado en Asiatique. 135 metros de altura. Adrenalina pura con vistas al río.,Ir al atardecer para fotos épicas desde el columpio.,"13.7042, 100.5034",Link
th079,So Thai Spa Bangkok,Spa,Da Igual,Bangkok,2h,Bajo,1200 THB+,Spa premium con masajes tradicionales de alta calidad.,Ubicado en Sukhumvit. Ambiente elegante y terapeutas expertos.,Ideal para el primer día tras el vuelo largo (Jet lag).,"13.7330, 100.5620",Link
th080,Soi Romanee,Visita,Tarde,Phuket Town,1h,Bajo,Gratis,La calle más pintoresca y colorida del casco antiguo.,Edificios de estilo sino-portugués llenos de cafeterías y flores. Muy concurrida para fotos de Instagram.,Ve por la mañana temprano si quieres la calle vacía.,"7.8848, 98.3891",Link
th081,SokSiam (IconSiam Barco),Transporte,Tarde,Bangkok,15-20m,Bajo,8 THB,Barco lanzadera oficial desde el muelle Sathorn.,No tomes los barcos de 30 o 100 THB; el oficial de IconSiam cuesta solo 8 THB.,El trayecto ofrece vistas rápidas pero lindas del skyline del río.,"13.7274, 100.5103",Link
th082,SookSiam (ICONSIAM),Comida,Noche,Bangkok,2h,Bajo,Variable,Mercado flotante interior con aire acondicionado.,Planta baja del mall. Reúne comida de las 77 provincias de Tailandia.,Precios de calle en un entorno de lujo y limpio.,"13.7274, 100.5103",Link
th083,Sticky Waterfall (Bua Thong),Visita,Da Igual,Chiang Mai,3h,Alto,Gratis,Cascada de piedra caliza que se puede trepar.,"El depósito de calcio hace que las rocas no resbalen, permitiendo subir a pie como ""Spider-man"".",Lleva ropa que se pueda mojar y toalla; hay vestuarios en el lugar.,"19.0718, 99.1089",Link
th084,Sukhothai Historical Park,Visita,Tarde,Sukhothai,4h,Medio,100 THB,Ruinas de la primera capital del Reino de Siam.,Patrimonio UNESCO. Mucho más tranquilo y menos masificado que Ayutthaya.,Tip IA: Alquila una bicicleta en la entrada (30 THB) para recorrer los tres sectores.,"17.0185, 99.7036",Link
th085,Sunday Walking Street,Mercado,Da Igual,Chiang Mai,3h,Medio,Gratis,El mercado más grande y auténtico del país.,Solo domingos. Ocupa toda la calle Ratchadamnoen. Artesanías y comida increíble.,Empieza a las 17:00h. Se llena mucho; ve temprano.,"18.7877, 98.9895",Link
th086,SuperRich (Verde),Consejo,Tarde,Bangkok,10m,Bajo,-,La mejor casa de cambio de divisas de la ciudad.,El color verde suele tener una tasa ligeramente mejor que el naranja. Hay muchas sucursales en centros comerciales.,Necesitas el pasaporte físico para cualquier operación de cambio.,"13.7485, 100.5404",Link
th087,Taxi Público Aeropuerto (Suvarnabhumi),Transporte,Da Igual,Bangkok,45-60m,Bajo,600 THB,Servicio de taxis oficiales controlados por sistema de tickets.,"No aceptes ofertas de taxistas en la puerta. Debes ir a las máquinas, sacar un ticket con el número de carril (ej. carril 44) y dirigirte allí. El costo incluye: taxímetro + 50 THB tasa aeropuerto + peajes.",Un taxi oficial puede costar hasta un 50% más que pedirlo por la App Grab (ej. 600 THB vs 400 THB).,"13.6899, 100.7501",Link
th124,Tha Kha Floating Market,Mercado,Mañana,Bangkok (excursión),4-6h (con traslados),Medio,Variable,Mercado flotante más local y tranquilo (alternativa).,Más chico/auténtico. Chequear día/horario (suele moverse por finde). Ideal para quienes quieren evitar el turismo masivo.,Fuente: video (reels). Coords web.,"13.54815, 99.93604",
th128,The Secret Brunch (Koh Samui – Lamai),Comida,Mañana-tarde,Koh Samui (Lamai),1-1.5h,Bajo,Medio,Brunch/café con opciones vegetarianas/vegan (zona Lamai).,Cerca de Makro Lamai. Buen café + brunch. Ideal para mañana tranquila.,Fuente: video (reels). Dirección en Lamai; faltan coords exactas en esta pasada.,-,
th126,The Verandah Cafe (Ao Nang),Comida,Mañana-tarde,Krabi (Ao Nang),1-1.5h,Bajo,Variable,Café/brunch popular en Ao Nang.,Ideal para desayuno/brunch antes de tours. Buena opción “occidental” + café. Puede haber espera en temporada alta.,Fuente: video (reels). Coords web.,"8.036787, 98.81916",
th088,Tichuca Rooftop Bar,Visita,Mañana,Bangkok,2h,Bajo,500+ THB,"Bar en las alturas con un ""árbol"" de luces LED gigante.",Ubicado en el edificio T-One. Famoso en TikTok por sus medusas de luz. Se requiere vestimenta casual-elegante.,Suele haber mucha fila; intenta ir justo cuando abren (17:00h).,"13.7230, 100.5794",Link
th129,Tiger Park Phuket,Experiencia,Mañana/Tarde,Phuket,2-3h,Bajo,900–1.300 THB (según tamaño/paquete),Parque para fotos/interacción con tigres (actividad polémica).,"Ubicación: 82/2 Moo 10 Soi Yot Sane 1, Chalong, Phuket 83130. Horario aprox.: 09:00–18:00. Experiencia típica: interacción/fotos (15 min) con tigres por tamaño (restricciones de edad/altura según tamaño). Tip: ir temprano para menos filas; leer reglas de seguridad y evitar flash. Transporte: taxi/Grab desde Patong/Kata/Karon ~30–60 min (según tráfico).",Turismo con fauna silvestre en cautiverio suele tener riesgos de bienestar animal. Si decidís ir priorizá lugares con prácticas transparentes y manejo profesional; considerá alternativas sin contacto.,"7.8319351, 98.3242214",Link
th089,Tren a Ayutthaya,Consejo,Tarde,Transporte,1.5h,Bajo,15 THB,El viaje más barato de Bangkok a las ruinas antiguas.,Salida desde estación Hua Lamphong o Krung Thep Aphiwat. El tren local es una experiencia muy auténtica.,En Ayutthaya alquila una bici o tuk-tuk para ver los templos.,"14.3472, 100.5847",Link
th090,Tren Nocturno (Nº 9),Transporte,Mañana,BKK-Chiang Mai,13h,Bajo,~1000 THB,El mejor tren nocturno para ir al norte del país.,"El tren número 9 es el más moderno. Incluye cama, sábanas limpias y cena. El aire acondicionado es muy fuerte.",Tip Crucial: Reserva la cama de abajo; es más ancha y tiene ventana. Lleva abrigo.,"13.8043, 100.5402",Link
th091,Vieng Thapae Resort,Hotel,Da Igual,Chiang Mai,-,Bajo,-,Resort estilo colonial Lanna cerca de la muralla.,Ubicado a pasos de la Tha Phae Gate. Ideal para recorrer el casco antiguo a pie y cerca del mercado de los domingos.,"Al estar tan céntrico, puedes volver a descansar un rato al mediodía para evitar el pico de calor.","18.7875, 98.9935",Link
th092,Vuelo BKK - CNX,Vuelo,Da Igual,Bangkok,1h 20m,Bajo,-,Vuelo local a Chiang Mai.,Salida 24/02 08:50. Air Asia FD4100.,Traslado al hotel en CNX estimado en 40-60 min por tráfico. Valida el peso de cabina; Air Asia es estricto con los 7kg.,"13.6899, 100.7501",Link
th093,Vuelo BKK - IST,Vuelo,Da Igual,Bangkok,10h 20m,Medio,-,Inicio del regreso a casa.,Salida 09/03 23:45. Thai Airways TG900.,Estrategia: Deja maletas en Hotel Column y ve al aeropuerto a las 20:30.,"13.6899, 100.7501",Link
th094,Vuelo CNX - HKT,Vuelo,Da Igual,Chiang Mai,2h 10m,Bajo,-,Vuelo directo al paraíso (Phuket).,Salida 28/02 11:40. Air Asia FD8165.,"Ojo: El traslado a Kamala/Patong es de 45-60 min, no 10 min [Recomendación IA].","18.7753, 98.9675",Link
th095,Vuelo EZE - GRU,Vuelo,Da Igual,Buenos Aires,2h 35m,Bajo,-,Inicio del viaje: Tramo Buenos Aires a San Pablo.,Salida 16/02 23:55. Turkish TK15.,Escala técnica corta de 1h 40m. No suele requerir bajar del avión.,"-34.8150, -58.5348",Link
th096,Vuelo GRU - EZE,Vuelo,Da Igual,San Pablo,3h 05m,Bajo,-,Último tramo a casa.,Salida 10/03 19:20. Llegada a EZE 22:25.,Escala técnica de 1h 35m en San Pablo.,"-23.4356, -46.4731",Link
th097,Vuelo GRU - IST,Vuelo,Da Igual,San Pablo,12h 25m,Medio,-,Tramo largo hacia Estambul.,Salida 17/02 04:10. Llegada a IST a las 22:35.,Prepárate para una escala larga de 16h 55m en Estambul.,"-23.4356, -46.4731",Link
th098,Vuelo HKT - BKK,Vuelo,Da Igual,Phuket,1h 35m,Bajo,-,Regreso a la capital para el cierre.,Salida 07/03 10:00. Air Asia FD4125.,Traslado al hotel Column BKK estimado en 35-50 min.,"8.1132, 98.3076",Link
th099,Vuelo IST - BKK,Vuelo,Da Igual,Estambul,8h 50m,Medio,-,Tramo final Estambul a Bangkok.,Salida 18/02 15:30. Llegada a BKK el 19/02 04:20 AM.,"Llegarás temprano a Bangkok; coordina con el hotel el ""Early Check-in"".","13.6899, 100.7501",Link
th100,Vuelo IST - GRU,Vuelo,Da Igual,Estambul,13h 45m,Alto,-,Tramo largo de regreso.,Salida 10/03 10:00. Turkish TK15. Escala en IST de 3h 55m.,Pide en BKK que etiqueten el equipaje hasta Buenos Aires (EZE).,"41.2752, 28.7519",Link
th101,Vuelo TG900 (Thai),Vuelo,Mañana,BKK-IST,10h 20m,Bajo,-,Vuelo de regreso Bangkok a Estambul.,Salida 09/03/2026 a las 23:45 hs.,Pide en el counter que etiqueten tu maleta hasta EZE (Buenos Aires).,"13.6899, 100.7501",Link
th102,Wat Arun,Visita,Tarde,Bangkok,1h,Medio,200 THB,"El Templo del Amanecer, icónico por su torre central decorada con porcelana.",Cruza el río desde Wat Pho en el ferry público (5 THB). La subida a las torres es empinada. Atardecer increíble desde la orilla opuesta.,De noche se ilumina y es una de las fotos más famosas de Bangkok.,"13.7437, 100.4889",Link
th103,Wat Chaiwatthanaram,Visita,Da Igual,Ayutthaya,1.5h,Bajo,50 THB,Templo de estilo Khmer junto al río.,El más fotogénico de Ayutthaya. La luz del atardecer es espectacular sobre sus ruinas.,No se permite subir a las torres centrales por preservación.,"14.3435, 100.5418",Link
th104,Wat Chalong (Wat Chaiyathararam),Visita,Mañana/Tarde,Phuket,1-1.5 hs,Bajo,Gratis,Templo más importante de Phuket: arquitectura y detalles interiores muy fotogénicos.,Ir fuera de horas pico. Vestimenta respetuosa. Suele estar abierto aprox. 08:00–17:00.,Buen complemento si hacés tour por el sur (Big Buddha/Promthep).,"7.846389, 98.336944",Link
th105,Wat Chedi Luang,Visita,Mañana/Tarde,Chiang Mai,1-1.5 hs,ºº,50 THB,"Templo clave del casco antiguo de Chiang Mai, con gran chedi histórico.",Conviene temprano. Combina bien con paseo por el Old City y cafés cercanos.,"Si vas un domingo, mirá si coincide con mercados/eventos alrededor del Old City.",-,Link
th106,Wat Mahathat,Visita,Da Igual,Ayutthaya,1h,Bajo,50 THB,Famoso por la cabeza de Buda entre raíces.,El punto más icónico. Hay que agacharse para la foto (tu cabeza no puede estar más alta que la de Buda).,Ir muy temprano para evitar las hordas de buses de tour.,"14.3570, 100.5675",Link
th107,Wat Paknam MRT,Transporte,Noche,Bangkok,30m,Bajo,30 THB,Cómo llegar al Gran Buda de forma fácil y barata.,Toma el metro (MRT Blue Line) hasta la estación Bang Phai. Camina 10 min o toma un mototaxi por 20 bahts.,Es la mejor opción para evitar los barcos caros.,"13.7206, 100.4727",Link
th108,Wat Pha Lat (Hidden Temple),Visita,Mañana/Tarde,Chiang Mai,1.5-2.5 hs,Medio,Gratis,"Templo escondido en la selva en la ladera de Doi Suthep, accesible por caminata (Monks Trail) o taxi.",Si lo hacés caminando: zapatillas + agua. Puede haber tramos resbaladizos si llovió.,"Es un ‘templo sorpresa’: menos turismo, más naturaleza. Ideal si ya fuiste a Doi Suthep.","18.799137, 98.933975",Link
th109,Wat Pho,Visita,Mañana,Bangkok,1.5h,Bajo,300 THB,Templo del Buda Reclinado más grande de Tailandia (46m).,Famoso por sus pies de nácar y por ser la cuna del masaje tradicional. Está a pasos del Gran Palacio.,"Si tienes tiempo, hazte un masaje aquí; es la escuela oficial del país.","13.7465, 100.4933",Link
th110,Wat Phra Singh,Visita,Mañana/Tarde,Chiang Mai,1-1.5 hs,Bajo,20 THB,"Uno de los templos más importantes de Chiang Mai, famoso por su sala principal y detalles Lanna.",Ideal en circuito Old City. Vestimenta respetuosa (hombros/rodillas).,"Si te gustan templos “bien cuidados”, este suele impresionar.","18.788750, 98.9812139",Link
th111,Wat Phra That Doi Suthep,Visita,Mañana,Chiang Mai,3h,Medio,30 THB,Templo sagrado en la montaña.,306 escalones o funicular. Vista 360 de la ciudad.,Ir al atardecer para ver la ciudad iluminada.,"18.8050, 98.9215",Link
th112,Wat Rong Khun (Blanco),Visita,Mañana,Chiang Rai,1.5h,Bajo,200 THB,Obra de arte moderna en forma de templo.,"Blanco puro con espejos. Símbolo de Chiang Rai. Representa el ciclo de la vida y la muerte. No es un templo antiguo, sino una obra del artista Chalermchai.",Está a 3h de Chiang Mai; se suele hacer como excursión de día. Prohibido fotos dentro del edificio principal.,"19.8242, 99.7630",Link
th113,Wat Rong Suea Ten (Azul),Visita,Da Igual,Chiang Rai,1h,Bajo,Gratis,Templo moderno con un azul eléctrico vibrante.,Obra del discípulo del creador del Templo Blanco. El Buda blanco interior es impresionante.,"Al ser gratis y visual, se llena rápido; ve temprano.","19.9231, 99.8415",Link
th114,Wat Saket (Golden Mount),Visita,Mañana,Bangkok,1.5h,Medio,100 THB,Templo en una colina con vista 360° de la ciudad vieja.,Debes subir 300 escalones suaves rodeados de fuentes y vegetación. Arriba hay una estupa dorada icónica.,Ideal para ir justo antes del atardecer para ver caer el sol sobre Bangkok.,"13.7538, 100.5066",Link
th115,Wat Samphran (Dragón),Visita,Da Igual,Nakhon Pathom,2h,Medio,Gratis / 2€ (Dona),Torre de 17 pisos con un dragón gigante que la rodea.,Puedes caminar por el interior del túnel que es el cuerpo del dragón para llegar a la cima. Es un templo menos turístico y muy visual para fotos.,Está a 1 hora de Bangkok; combina bien con el mercado de Maeklong.,"13.7348, 100.2173",Link
th116,Wat Traimit (Buda de Oro),Visita,Da Igual,Bangkok,1h,Bajo,100 THB,Estatua de oro macizo más grande del mundo.,Pesa 5.5 toneladas. Es la puerta de entrada ideal para caminar luego hacia Chinatown.,Vestimenta respetuosa requerida.,"13.7377, 100.5134",Link
th117,Yaowarat (Chinatown),Comida,Noche,Bangkok,2h,Medio,Variable,El corazón gastronómico callejero de Bangkok.,Ir de noche para ver los neones y comer en los puestos callejeros. Muy concurrido y caótico.,No te pierdas los bollos de crema (Bun) y la sopa de noodles de pimienta.,"13.7412, 100.5081",Link
th118,Zoe in Yellow,Vida Nocturna,Noche,Chiang Mai,3h,Bajo,Variable,El bar más famoso del casco antiguo.,Punto de encuentro de viajeros. Música variada y mucha gente joven.,Cierra relativamente temprano (00:00 - 01:00) por normativas locales.,"18.7905, 98.9902",Link
th119,Estambul Lounge,Sugerencia,22:35–07:30,Estambul (IST),8–9h,Bajo,Variable,"Para hacer Touristanbul tenés que salir de airside: pasar migraciones y presentarte en el 'Hotel Desk' (zona de llegadas/landsid e). Alternativas para descansar: IGA Lounge (airside), Sleepod (airside) o Plaza Premium (landside).","Plan recomendado: 22:35 llegar y quedarte en airside (IGA Lounge si tenés Priority Pass/DragonPass o pagás en puerta; Nap Zone + duchas + buffet 24h). 06:00–06:30 salir de la lounge, ir a migraciones y presentarte en Hotel Desk antes de 07:30. Alternativa: IGA Sleepod (cápsulas por hora, más privado pero sin comida/duchas). Si pagás lounge, evaluar YOTEL Airside (a veces precio similar por cama real).",Reglas de acceso y precios varían por temporada/estatus. Confirmar en sitio oficial (Touristanbul + lounges) el día previo.,"41.275278,28.751944",Link
th120,Estambul Tour,Experiencia,08:00–11:30,Estambul (IST),3.5h,Bajo,Gratis (si aplica por conexión),Tour panorámico para conexiones con vuelo al mediodía/tarde. Punto de encuentro: Hotel Desk (llegadas) a las 07:30.,"Itinerario típico: salida en bus, vistas Murallas de Constantinopla, Eminönü + Puente de Gálata, parada fotos Cuerno de Oro, vistas Torre de Gálata y Palacio Dolmabahçe, regreso al aeropuerto ~11:30. Tips: llevar abrigo liviano, agua; calculá margen para security al volver.","Confirmar elegibilidad (conexión, horarios, cupos) y día de operación del tour en Touristanbul. Llegar temprano al Hotel Desk.","41.275278,28.751944",Link